carrier	port	dir	tx	rx	delivered	persec
icmp	-	IR>TR	300	299	99%	-
udp	53	IR>TR	10417	6	0%	6
udp	123	IR>TR	10417	6	0%	6
udp	443	IR>TR	10417	0	0%	-
udp	500	IR>TR	10416	6	0%	6
udp	4500	IR>TR	10416	0	0%	-
udp	4789	IR>TR	10417	0	0%	-
udp	51821	IR>TR	10417	0	0%	-
udp	47123	IR>TR	10417	6	0%	6
4	0	IR>TR	10417	0	0%	-
41	0	IR>TR	10416	0	0%	-
47	0	IR>TR	10417	0	0%	-
50	0	IR>TR	10416	6	0%	6
51	0	IR>TR	10417	0	0%	-
94	0	IR>TR	10417	0	0%	-
115	0	IR>TR	10416	0	0%	-
132	0	IR>TR	10416	6	0%	6
136	0	IR>TR	10417	6	0%	6
137	0	IR>TR	10417	6	0%	6
143	0	IR>TR	10417	6	0%	6
253	0	IR>TR	10416	6	0%	6
icmp	-	TR>IR	300	254	84%	-
udp	53	TR>IR	10417	6	0%	6
udp	123	TR>IR	10416	6	0%	6
udp	443	TR>IR	10417	6	0%	6
udp	500	TR>IR	10417	6	0%	6
udp	4500	TR>IR	10415	6	0%	6
udp	4789	TR>IR	10417	6	0%	6
udp	51821	TR>IR	10412	6	0%	6
udp	47123	TR>IR	10417	6	0%	6
4	0	TR>IR	10391	0	0%	-
41	0	TR>IR	10413	0	0%	-
47	0	TR>IR	10417	0	0%	-
50	0	TR>IR	10416	6	0%	6
51	0	TR>IR	10415	6	0%	6
94	0	TR>IR	10416	6	0%	6
115	0	TR>IR	10416	0	0%	-
132	0	TR>IR	10416	6	0%	6
136	0	TR>IR	10416	6	0%	6
137	0	TR>IR	10417	6	0%	6
143	0	TR>IR	10417	6	0%	6
253	0	TR>IR	10416	6	0%	6
